INSERT INTO `waydb`.`additional_informations` (`TYPE`, `CREATED_AT`) VALUES ('1', '2000-1-1');
INSERT INTO `waydb`.`additional_informations` (`TYPE`, `CREATED_AT`) VALUES ('2', '2000-1-1');
INSERT INTO `waydb`.`additional_informations` (`TYPE`, `CREATED_AT`) VALUES ('3', '2000-1-1');

INSERT INTO `waydb`.`cars` (`MODEL`, `MAX_WEIGHT`, `CLIMAT_CONTROL_TYPE`, `ADDITIONAL_INFORMATION_ID`, `CREATED_AT`) VALUES ('model1', '100', 'type1', '1', '2000-01-01 00:00:00');
INSERT INTO `waydb`.`cars` (`MODEL`, `MAX_WEIGHT`, `CLIMAT_CONTROL_TYPE`, `ADDITIONAL_INFORMATION_ID`, `CREATED_AT`) VALUES ('model2', '100', 'type2', '2', '2000-01-01 00:00:00');
INSERT INTO `waydb`.`cars` (`MODEL`, `MAX_WEIGHT`, `CLIMAT_CONTROL_TYPE`, `ADDITIONAL_INFORMATION_ID`, `CREATED_AT`) VALUES ('model3', '100', 'type3', '3', '2000-01-01 00:00:00');
INSERT INTO `waydb`.`cars` (`MODEL`, `MAX_WEIGHT`, `CLIMAT_CONTROL_TYPE`, `ADDITIONAL_INFORMATION_ID`, `CREATED_AT`) VALUES ('model4', '100', 'type4', '1', '2000-01-01 00:00:00');
INSERT INTO `waydb`.`cars` (`MODEL`, `MAX_WEIGHT`, `CLIMAT_CONTROL_TYPE`, `ADDITIONAL_INFORMATION_ID`, `CREATED_AT`) VALUES ('model5', '100', 'type5', '2', '2000-01-01 00:00:00');
INSERT INTO `waydb`.`cars` (`MODEL`, `MAX_WEIGHT`, `CLIMAT_CONTROL_TYPE`, `ADDITIONAL_INFORMATION_ID`, `CREATED_AT`) VALUES ('model6', '100', 'type6', '3', '2000-01-01 00:00:00');
INSERT INTO `waydb`.`cars` (`MODEL`, `MAX_WEIGHT`, `CLIMAT_CONTROL_TYPE`, `ADDITIONAL_INFORMATION_ID`, `CREATED_AT`) VALUES ('model7', '100', 'type7', '1', '2000-01-01 00:00:00');
INSERT INTO `waydb`.`cars` (`MODEL`, `MAX_WEIGHT`, `CLIMAT_CONTROL_TYPE`, `ADDITIONAL_INFORMATION_ID`, `CREATED_AT`) VALUES ('model8', '100', 'type8', '2', '2000-01-01 00:00:00');
INSERT INTO `waydb`.`cars` (`MODEL`, `MAX_WEIGHT`, `CLIMAT_CONTROL_TYPE`, `ADDITIONAL_INFORMATION_ID`, `CREATED_AT`) VALUES ('model9', '100', 'type9', '3', '2000-01-01 00:00:00');
INSERT INTO `waydb`.`cars` (`MODEL`, `MAX_WEIGHT`, `CLIMAT_CONTROL_TYPE`, `ADDITIONAL_INFORMATION_ID`, `CREATED_AT`) VALUES ('model10', '100', 'type10', '1', '2000-01-01 00:00:00');
INSERT INTO `waydb`.`cars` (`MODEL`, `MAX_WEIGHT`, `CLIMAT_CONTROL_TYPE`, `ADDITIONAL_INFORMATION_ID`, `CREATED_AT`) VALUES ('model11', '100', 'type11', '2', '2000-01-01 00:00:00');
INSERT INTO `waydb`.`cars` (`MODEL`, `MAX_WEIGHT`, `CLIMAT_CONTROL_TYPE`, `ADDITIONAL_INFORMATION_ID`, `CREATED_AT`) VALUES ('model12', '100', 'type12', '3', '2000-01-01 00:00:00');
INSERT INTO `waydb`.`cars` (`MODEL`, `MAX_WEIGHT`, `CLIMAT_CONTROL_TYPE`, `ADDITIONAL_INFORMATION_ID`, `CREATED_AT`) VALUES ('model13', '100', 'type13', '1', '2000-01-01 00:00:00');
INSERT INTO `waydb`.`cars` (`MODEL`, `MAX_WEIGHT`, `CLIMAT_CONTROL_TYPE`, `ADDITIONAL_INFORMATION_ID`, `CREATED_AT`) VALUES ('model14', '100', 'type14', '2', '2000-01-01 00:00:00');
INSERT INTO `waydb`.`cars` (`MODEL`, `MAX_WEIGHT`, `CLIMAT_CONTROL_TYPE`, `ADDITIONAL_INFORMATION_ID`, `CREATED_AT`) VALUES ('model15', '100', 'type15', '3', '2000-01-01 00:00:00');
INSERT INTO `waydb`.`cars` (`MODEL`, `MAX_WEIGHT`, `CLIMAT_CONTROL_TYPE`, `ADDITIONAL_INFORMATION_ID`, `CREATED_AT`) VALUES ('model16', '100', 'type16', '1', '2000-01-01 00:00:00');
INSERT INTO `waydb`.`cars` (`MODEL`, `MAX_WEIGHT`, `CLIMAT_CONTROL_TYPE`, `ADDITIONAL_INFORMATION_ID`, `CREATED_AT`) VALUES ('model17', '100', 'type17', '2', '2000-01-01 00:00:00');
INSERT INTO `waydb`.`cars` (`MODEL`, `MAX_WEIGHT`, `CLIMAT_CONTROL_TYPE`, `ADDITIONAL_INFORMATION_ID`, `CREATED_AT`) VALUES ('model18', '100', 'type18', '3', '2000-01-01 00:00:00');
INSERT INTO `waydb`.`cars` (`MODEL`, `MAX_WEIGHT`, `CLIMAT_CONTROL_TYPE`, `ADDITIONAL_INFORMATION_ID`, `CREATED_AT`) VALUES ('model19', '100', 'type19', '1', '2000-01-01 00:00:00');
INSERT INTO `waydb`.`cars` (`MODEL`, `MAX_WEIGHT`, `CLIMAT_CONTROL_TYPE`, `ADDITIONAL_INFORMATION_ID`, `CREATED_AT`) VALUES ('model20', '100', 'type20', '2', '2000-01-01 00:00:00');

INSERT INTO `waydb`.`bikes` (`MODEL`, `MAX_WEIGHT`, `SPEED_CONTROL_TYPE`, `ADDITIONAL_INFORMATION_ID`, `CREATED_AT`) VALUES ('model1', '50', 'type1', '1', '2000-1-1');
INSERT INTO `waydb`.`bikes` (`MODEL`, `MAX_WEIGHT`, `SPEED_CONTROL_TYPE`, `ADDITIONAL_INFORMATION_ID`, `CREATED_AT`) VALUES ('model2', '50', 'type2', '2', '2000-1-1');
INSERT INTO `waydb`.`bikes` (`MODEL`, `MAX_WEIGHT`, `SPEED_CONTROL_TYPE`, `ADDITIONAL_INFORMATION_ID`, `CREATED_AT`) VALUES ('model3', '50', 'type3', '3', '2000-1-1');
INSERT INTO `waydb`.`bikes` (`MODEL`, `MAX_WEIGHT`, `SPEED_CONTROL_TYPE`, `ADDITIONAL_INFORMATION_ID`, `CREATED_AT`) VALUES ('model4', '50', 'type4', '1', '2000-1-1');
INSERT INTO `waydb`.`bikes` (`MODEL`, `MAX_WEIGHT`, `SPEED_CONTROL_TYPE`, `ADDITIONAL_INFORMATION_ID`, `CREATED_AT`) VALUES ('model5', '50', 'type5', '2', '2000-1-1');
INSERT INTO `waydb`.`bikes` (`MODEL`, `MAX_WEIGHT`, `SPEED_CONTROL_TYPE`, `ADDITIONAL_INFORMATION_ID`, `CREATED_AT`) VALUES ('model6', '50', 'type6', '3', '2000-1-1');
INSERT INTO `waydb`.`bikes` (`MODEL`, `MAX_WEIGHT`, `SPEED_CONTROL_TYPE`, `ADDITIONAL_INFORMATION_ID`, `CREATED_AT`) VALUES ('model7', '50', 'type7', '1', '2000-1-1');
INSERT INTO `waydb`.`bikes` (`MODEL`, `MAX_WEIGHT`, `SPEED_CONTROL_TYPE`, `ADDITIONAL_INFORMATION_ID`, `CREATED_AT`) VALUES ('model8', '50', 'type8', '2', '2000-1-1');
INSERT INTO `waydb`.`bikes` (`MODEL`, `MAX_WEIGHT`, `SPEED_CONTROL_TYPE`, `ADDITIONAL_INFORMATION_ID`, `CREATED_AT`) VALUES ('model9', '50', 'type9', '3', '2000-1-1');
INSERT INTO `waydb`.`bikes` (`MODEL`, `MAX_WEIGHT`, `SPEED_CONTROL_TYPE`, `ADDITIONAL_INFORMATION_ID`, `CREATED_AT`) VALUES ('model10', '50', 'type10', '1', '2000-1-1');
INSERT INTO `waydb`.`bikes` (`MODEL`, `MAX_WEIGHT`, `SPEED_CONTROL_TYPE`, `ADDITIONAL_INFORMATION_ID`, `CREATED_AT`) VALUES ('model11', '50', 'type11', '2', '2000-1-1');
INSERT INTO `waydb`.`bikes` (`MODEL`, `MAX_WEIGHT`, `SPEED_CONTROL_TYPE`, `ADDITIONAL_INFORMATION_ID`, `CREATED_AT`) VALUES ('model12', '50', 'type12', '3', '2000-1-1');
INSERT INTO `waydb`.`bikes` (`MODEL`, `MAX_WEIGHT`, `SPEED_CONTROL_TYPE`, `ADDITIONAL_INFORMATION_ID`, `CREATED_AT`) VALUES ('model13', '50', 'type13', '1', '2000-1-1');
INSERT INTO `waydb`.`bikes` (`MODEL`, `MAX_WEIGHT`, `SPEED_CONTROL_TYPE`, `ADDITIONAL_INFORMATION_ID`, `CREATED_AT`) VALUES ('model14', '50', 'type14', '2', '2000-1-1');
INSERT INTO `waydb`.`bikes` (`MODEL`, `MAX_WEIGHT`, `SPEED_CONTROL_TYPE`, `ADDITIONAL_INFORMATION_ID`, `CREATED_AT`) VALUES ('model15', '50', 'type15', '3', '2000-1-1');
INSERT INTO `waydb`.`bikes` (`MODEL`, `MAX_WEIGHT`, `SPEED_CONTROL_TYPE`, `ADDITIONAL_INFORMATION_ID`, `CREATED_AT`) VALUES ('model16', '50', 'type16', '1', '2000-1-1');
INSERT INTO `waydb`.`bikes` (`MODEL`, `MAX_WEIGHT`, `SPEED_CONTROL_TYPE`, `ADDITIONAL_INFORMATION_ID`, `CREATED_AT`) VALUES ('model17', '50', 'type17', '2', '2000-1-1');
INSERT INTO `waydb`.`bikes` (`MODEL`, `MAX_WEIGHT`, `SPEED_CONTROL_TYPE`, `ADDITIONAL_INFORMATION_ID`, `CREATED_AT`) VALUES ('model18', '50', 'type18', '3', '2000-1-1');
INSERT INTO `waydb`.`bikes` (`MODEL`, `MAX_WEIGHT`, `SPEED_CONTROL_TYPE`, `ADDITIONAL_INFORMATION_ID`, `CREATED_AT`) VALUES ('model19', '50', 'type19', '1', '2000-1-1');
INSERT INTO `waydb`.`bikes` (`MODEL`, `MAX_WEIGHT`, `SPEED_CONTROL_TYPE`, `ADDITIONAL_INFORMATION_ID`, `CREATED_AT`) VALUES ('model20', '50', 'type20', '2', '2000-1-1');

INSERT INTO `waydb`.`autobuses` (`MODEL`, `MAX_WEIGHT`, `PUNCH_TYPE`, `ADDITIONAL_INFORMATION_ID`, `CREATED_AT`) VALUES ('model1', '200', 'punch1', '1', '2000-1-1');
INSERT INTO `waydb`.`autobuses` (`MODEL`, `MAX_WEIGHT`, `PUNCH_TYPE`, `ADDITIONAL_INFORMATION_ID`, `CREATED_AT`) VALUES ('model2', '200', 'punch2', '2', '2000-1-1');
INSERT INTO `waydb`.`autobuses` (`MODEL`, `MAX_WEIGHT`, `PUNCH_TYPE`, `ADDITIONAL_INFORMATION_ID`, `CREATED_AT`) VALUES ('model3', '200', 'punch3', '3', '2000-1-1');
INSERT INTO `waydb`.`autobuses` (`MODEL`, `MAX_WEIGHT`, `PUNCH_TYPE`, `ADDITIONAL_INFORMATION_ID`, `CREATED_AT`) VALUES ('model4', '200', 'punch4', '1', '2000-1-1');
INSERT INTO `waydb`.`autobuses` (`MODEL`, `MAX_WEIGHT`, `PUNCH_TYPE`, `ADDITIONAL_INFORMATION_ID`, `CREATED_AT`) VALUES ('model5', '200', 'punch5', '2', '2000-1-1');
INSERT INTO `waydb`.`autobuses` (`MODEL`, `MAX_WEIGHT`, `PUNCH_TYPE`, `ADDITIONAL_INFORMATION_ID`, `CREATED_AT`) VALUES ('model6', '200', 'punch6', '3', '2000-1-1');
INSERT INTO `waydb`.`autobuses` (`MODEL`, `MAX_WEIGHT`, `PUNCH_TYPE`, `ADDITIONAL_INFORMATION_ID`, `CREATED_AT`) VALUES ('model7', '200', 'punch7', '1', '2000-1-1');
INSERT INTO `waydb`.`autobuses` (`MODEL`, `MAX_WEIGHT`, `PUNCH_TYPE`, `ADDITIONAL_INFORMATION_ID`, `CREATED_AT`) VALUES ('model8', '200', 'punch8', '2', '2000-1-1');
INSERT INTO `waydb`.`autobuses` (`MODEL`, `MAX_WEIGHT`, `PUNCH_TYPE`, `ADDITIONAL_INFORMATION_ID`, `CREATED_AT`) VALUES ('model9', '200', 'punch9', '3', '2000-1-1');
INSERT INTO `waydb`.`autobuses` (`MODEL`, `MAX_WEIGHT`, `PUNCH_TYPE`, `ADDITIONAL_INFORMATION_ID`, `CREATED_AT`) VALUES ('model10', '200', 'punch10', '1', '2000-1-1');
INSERT INTO `waydb`.`autobuses` (`MODEL`, `MAX_WEIGHT`, `PUNCH_TYPE`, `ADDITIONAL_INFORMATION_ID`, `CREATED_AT`) VALUES ('model11', '200', 'punch11', '2', '2000-1-1');
INSERT INTO `waydb`.`autobuses` (`MODEL`, `MAX_WEIGHT`, `PUNCH_TYPE`, `ADDITIONAL_INFORMATION_ID`, `CREATED_AT`) VALUES ('model12', '200', 'punch12', '3', '2000-1-1');
INSERT INTO `waydb`.`autobuses` (`MODEL`, `MAX_WEIGHT`, `PUNCH_TYPE`, `ADDITIONAL_INFORMATION_ID`, `CREATED_AT`) VALUES ('model13', '200', 'punch13', '1', '2000-1-1');
INSERT INTO `waydb`.`autobuses` (`MODEL`, `MAX_WEIGHT`, `PUNCH_TYPE`, `ADDITIONAL_INFORMATION_ID`, `CREATED_AT`) VALUES ('model14', '200', 'punch14', '2', '2000-1-1');
INSERT INTO `waydb`.`autobuses` (`MODEL`, `MAX_WEIGHT`, `PUNCH_TYPE`, `ADDITIONAL_INFORMATION_ID`, `CREATED_AT`) VALUES ('model15', '200', 'punch15', '3', '2000-1-1');
INSERT INTO `waydb`.`autobuses` (`MODEL`, `MAX_WEIGHT`, `PUNCH_TYPE`, `ADDITIONAL_INFORMATION_ID`, `CREATED_AT`) VALUES ('model16', '200', 'punch16', '1', '2000-1-1');
INSERT INTO `waydb`.`autobuses` (`MODEL`, `MAX_WEIGHT`, `PUNCH_TYPE`, `ADDITIONAL_INFORMATION_ID`, `CREATED_AT`) VALUES ('model17', '200', 'punch17', '2', '2000-1-1');
INSERT INTO `waydb`.`autobuses` (`MODEL`, `MAX_WEIGHT`, `PUNCH_TYPE`, `ADDITIONAL_INFORMATION_ID`, `CREATED_AT`) VALUES ('model18', '200', 'punch18', '3', '2000-1-1');
INSERT INTO `waydb`.`autobuses` (`MODEL`, `MAX_WEIGHT`, `PUNCH_TYPE`, `ADDITIONAL_INFORMATION_ID`, `CREATED_AT`) VALUES ('model19', '200', 'punch19', '1', '2000-1-1');
INSERT INTO `waydb`.`autobuses` (`MODEL`, `MAX_WEIGHT`, `PUNCH_TYPE`, `ADDITIONAL_INFORMATION_ID`, `CREATED_AT`) VALUES ('model20', '200', 'punch20', '2', '2000-1-1');

INSERT INTO `waydb`.`crossroads` (`NAME`, `CREATED_AT`) VALUES ( 'Crossroad 1', '2000-1-1');
INSERT INTO `waydb`.`crossroads` (`NAME`, `CREATED_AT`) VALUES ( 'Crossroad 2', '2000-1-1');
INSERT INTO `waydb`.`crossroads` (`NAME`, `CREATED_AT`) VALUES ( 'Crossroad 3', '2000-1-1');
INSERT INTO `waydb`.`crossroads` (`NAME`, `CREATED_AT`) VALUES ( 'Crossroad 4', '2000-1-1');
INSERT INTO `waydb`.`crossroads` (`NAME`, `CREATED_AT`) VALUES ( 'Crossroad 5', '2000-1-1');
INSERT INTO `waydb`.`crossroads` (`NAME`, `CREATED_AT`) VALUES ( 'Crossroad 6', '2000-1-1');
INSERT INTO `waydb`.`crossroads` (`NAME`, `CREATED_AT`) VALUES ( 'Crossroad 7', '2000-1-1');
INSERT INTO `waydb`.`crossroads` (`NAME`, `CREATED_AT`) VALUES ( 'Crossroad 8', '2000-1-1');
INSERT INTO `waydb`.`crossroads` (`NAME`, `CREATED_AT`) VALUES ( 'Crossroad 9', '2000-1-1');
INSERT INTO `waydb`.`crossroads` (`NAME`, `CREATED_AT`) VALUES ( 'Crossroad 10', '2000-1-1');
INSERT INTO `waydb`.`crossroads` (`NAME`, `CREATED_AT`) VALUES ( 'Crossroad 11', '2000-1-1');
INSERT INTO `waydb`.`crossroads` (`NAME`, `CREATED_AT`) VALUES ( 'Crossroad 12', '2000-1-1');
INSERT INTO `waydb`.`crossroads` (`NAME`, `CREATED_AT`) VALUES ( 'Crossroad 13', '2000-1-1');
INSERT INTO `waydb`.`crossroads` (`NAME`, `CREATED_AT`) VALUES ( 'Crossroad 14', '2000-1-1');
INSERT INTO `waydb`.`crossroads` (`NAME`, `CREATED_AT`) VALUES ( 'Crossroad 15', '2000-1-1');
INSERT INTO `waydb`.`crossroads` (`NAME`, `CREATED_AT`) VALUES ( 'Crossroad 16', '2000-1-1');
INSERT INTO `waydb`.`crossroads` (`NAME`, `CREATED_AT`) VALUES ( 'Crossroad 17', '2000-1-1');
INSERT INTO `waydb`.`crossroads` (`NAME`, `CREATED_AT`) VALUES ( 'Crossroad 18', '2000-1-1');
INSERT INTO `waydb`.`crossroads` (`NAME`, `CREATED_AT`) VALUES ( 'Crossroad 19', '2000-1-1');
INSERT INTO `waydb`.`crossroads` (`NAME`, `CREATED_AT`) VALUES ( 'Crossroad 20', '2000-1-1');